data,mes,dia,telebras,ibovespa_indice
1995-01-02,1,2,34.99,43.19
1995-01-03,1,3,33.31,40.98
1995-01-04,1,4,32.09,39.68
1995-01-05,1,5,32.56,40.37
1995-01-06,1,6,30.31,38.27
1995-01-09,1,9,28.91,36.28
1995-01-10,1,10,26.1,32.7
1995-01-11,1,11,28.25,34.99
1995-01-12,1,12,30.41,38.41
1995-01-13,1,13,32.0,41.04
1995-01-16,1,16,31.25,40.56
1995-01-17,1,17,32.37,42.1
1995-01-18,1,18,30.87,40.79
1995-01-19,1,19,28.63,38.09
1995-01-20,1,20,29.56,38.62
1995-01-23,1,23,28.44,37.58
1995-01-24,1,24,29.28,38.4
1995-01-26,1,26,29.84,39.27
1995-01-27,1,27,28.35,37.84
1995-01-30,1,30,27.32,35.81
1995-01-31,1,31,30.41,38.85
1995-02-01,2,1,31.34,39.9
1995-02-02,2,2,30.78,38.98
1995-02-03,2,3,31.44,39.44
1995-02-06,2,6,30.59,38.3
1995-02-07,2,7,28.63,36.37
1995-02-08,2,8,27.6,35.56
1995-02-09,2,9,26.38,34.01
1995-02-10,2,10,25.26,33.08
1995-02-13,2,13,24.98,32.95
1995-02-14,2,14,24.56,31.92
1995-02-15,2,15,23.02,30.69
1995-02-16,2,16,20.96,28.64
1995-02-17,2,17,22.45,30.23
1995-02-20,2,20,21.61,29.62
1995-02-21,2,21,19.74,27.93
1995-02-22,2,22,20.49,28.72
1995-02-23,2,23,23.02,32.17
1995-02-24,2,24,23.48,32.71
1995-03-02,3,2,20.96,29.89
1995-03-03,3,3,21.42,29.88
1995-03-06,3,6,20.4,28.67
1995-03-07,3,7,18.43,26.16
1995-03-08,3,8,16.84,23.63
1995-03-09,3,9,15.06,21.38
1995-03-10,3,10,21.05,26.86
1995-03-13,3,13,20.77,26.71
1995-03-14,3,14,23.3,30.17
1995-03-15,3,15,21.99,29.39
1995-03-16,3,16,23.75,31.42
1995-03-17,3,17,22.08,29.81
1995-03-20,3,20,21.14,28.7
1995-03-21,3,21,22.45,30.06
1995-03-22,3,22,22.36,30.04
1995-03-23,3,23,23.67,31.46
1995-03-24,3,24,25.63,33.61
1995-03-27,3,27,25.73,33.72
1995-03-28,3,28,24.61,32.56
1995-03-29,3,29,24.51,31.98
1995-03-30,3,30,24.14,31.26
1995-03-31,3,31,22.64,29.79
1995-04-03,4,3,22.08,28.94
1995-04-04,4,4,24.33,31.25
1995-04-05,4,5,24.98,31.8
1995-04-06,4,6,25.54,32.54
1995-04-07,4,7,25.35,31.92
1995-04-10,4,10,24.79,31.14
1995-04-11,4,11,24.23,30.18
1995-04-12,4,12,23.95,30.21
1995-04-17,4,17,24.89,31.13
1995-04-18,4,18,25.82,31.94
1995-04-19,4,19,27.23,33.31
1995-04-20,4,20,27.79,33.84
1995-04-24,4,24,29.0,35.13
1995-04-25,4,25,30.13,36.99
1995-04-26,4,26,30.69,38.26
1995-04-27,4,27,31.06,38.51
1995-04-28,4,28,30.86,38.14
1995-05-02,5,2,31.23,38.62
1995-05-03,5,3,31.99,39.76
1995-05-04,5,4,32.41,40.44
1995-05-05,5,5,31.71,40.08
1995-05-08,5,8,30.86,39.14
1995-05-09,5,9,32.23,40.65
1995-05-10,5,10,31.9,40.5
1995-05-11,5,11,30.62,39.51
1995-05-12,5,12,30.95,39.98
1995-05-15,5,15,29.91,38.94
1995-05-16,5,16,29.63,38.35
1995-05-17,5,17,31.14,39.64
1995-05-18,5,18,31.23,40.08
1995-05-19,5,19,30.81,39.5
1995-05-22,5,22,31.99,40.34
1995-05-23,5,23,32.56,40.88
1995-05-24,5,24,33.31,41.0
1995-05-25,5,25,32.37,40.19
1995-05-26,5,26,30.27,39.05
1995-05-29,5,29,30.91,38.96
1995-05-30,5,30,28.71,37.07
1995-05-31,5,31,28.98,37.21
1995-06-01,6,1,29.53,37.74
1995-06-02,6,2,30.91,39.66
1995-06-05,6,5,31.5,40.63
1995-06-06,6,6,30.36,39.33
1995-06-07,6,7,29.07,38.08
1995-06-08,6,8,29.01,38.18
1995-06-09,6,9,27.51,36.71
1995-06-12,6,12,28.16,37.05
1995-06-13,6,13,29.42,37.89
1995-06-14,6,14,27.88,36.65
1995-06-16,6,16,28.48,37.18
1995-06-19,6,19,28.57,36.96
1995-06-20,6,20,27.15,35.77
1995-06-21,6,21,27.88,36.32
1995-06-22,6,22,27.7,35.99
1995-06-23,6,23,27.74,35.86
1995-06-26,6,26,27.65,35.37
1995-06-27,6,27,28.8,36.61
1995-06-28,6,28,29.21,37.15
1995-06-29,6,29,28.62,36.78
