aluno,nota
1,3.5
2,4.0
3,5.5
4,6.0
5,5.0
6,5.5
7,5.0
8,5.5
9,4.0
10,10.0
11,6.5
12,9.5
13,4.0
14,7.0
15,7.5
16,3.0
17,4.5
18,5.0
19,2.5
20,6.0
21,5.0
22,6.5
23,3.5
24,4.5
25,8.5
26,4.0
27,8.0
28,7.0
29,6.0
30,7.5
31,8.5
32,6.0
33,9.0
34,6.0
35,6.5
36,7.5
37,5.5
38,6.5
39,8.0
40,8.5
41,4.5
42,7.5
43,8.0
44,3.0
45,4.0
46,8.0
47,4.5
48,5.5
49,6.0
50,6.0
51,7.5
52,3.5
53,3.0
54,7.0
55,1.5
56,4.5
57,10.0
58,5.5
59,2.5
60,10.0
61,4.0
62,6.5
63,7.5
64,5.5
65,7.0
66,7.5
67,6.0
68,6.5
69,6.5
70,5.5
71,6.5
72,5.0
73,5.5
74,7.5
75,8.0
76,6.5
77,5.0
78,7.0
79,6.0
80,5.5
81,3.0
82,5.0
83,3.5
84,6.0
85,6.5
86,6.0
87,8.0
88,5.5
89,7.5
90,6.0
91,2.5
92,7.5
93,9.0
94,6.0
95,6.5
96,3.5
97,4.5
98,7.0
99,5.0
100,5.0
