data,mes,dia,co_ppm,o3_ppb,temp_c,umidade_pct
1991-01-01,1,1,6.6,113.6,15.2,56
1991-01-02,1,2,6.2,115.2,15.5,55
1991-01-03,1,3,7.9,130.4,16.8,62
1991-01-04,1,4,8.6,110.4,16.4,96
1991-01-05,1,5,8.8,107.2,15.2,62
1991-01-06,1,6,6.4,86.4,16.0,64
1991-01-07,1,7,6.9,120.0,16.3,63
1991-01-08,1,8,7.9,150.4,17.8,68
1991-01-09,1,9,8.2,149.0,18.1,71
1991-01-10,1,10,8.7,117.3,18.3,64
1991-01-11,1,11,6.3,59.7,19.2,69
1991-01-12,1,12,6.3,27.2,17.2,76
1991-01-13,1,13,6.3,119.2,15.1,62
1991-01-14,1,14,6.4,120.8,18.9,78
1991-01-15,1,15,7.7,26.7,19.2,90
1991-01-16,1,16,7.9,50.1,18.3,73
1991-01-17,1,17,7.9,35.2,16.0,94
1991-01-18,1,18,7.7,40.0,15.5,78
1991-01-19,1,19,6.9,96.0,16.0,62
1991-01-20,1,20,6.2,142.0,18.0,66
1991-01-21,1,21,6.2,134.3,17.0,57
1991-01-22,1,22,6.1,82.1,20.0,61
1991-01-23,1,23,7.3,233.2,20.1,61
1991-01-24,1,24,6.6,72.0,18.9,68
1991-01-25,1,25,6.2,96.8,18.8,70
1991-01-26,1,26,5.1,61.6,15.9,94
1991-01-27,1,27,6.1,32.8,15.2,97
1991-01-28,1,28,5.7,35.2,17.0,63
1991-01-29,1,29,6.7,87.2,18.6,61
1991-01-30,1,30,6.5,85.6,20.0,63
1991-01-31,1,31,5.7,34.7,19.9,88
1991-02-01,2,1,5.8,22.9,18.9,78
1991-02-02,2,2,6.2,83.9,17.8,73
1991-02-03,2,3,5.5,204.2,17.0,75
1991-02-04,2,4,6.7,192.5,17.9,66
1991-02-05,2,5,7.9,99.7,18.0,65
1991-02-06,2,6,6.4,182.3,17.8,63
1991-02-07,2,7,6.9,141.0,18.2,72
1991-02-08,2,8,6.4,87.2,18.0,85
1991-02-09,2,9,5.2,34.4,18.5,96
1991-02-10,2,10,5.7,40.0,18.9,81
1991-02-11,2,11,4.7,60.8,20.0,67
1991-02-12,2,12,7.3,82.0,17.9,68
1991-02-13,2,13,6.2,98.9,18.0,67
1991-02-14,2,14,6.7,200.0,17.0,60
1991-02-15,2,15,6.2,172.7,19.0,70
1991-02-16,2,16,6.7,65.2,19.0,80
1991-02-17,2,17,6.1,149.2,18.0,63
1991-02-18,2,18,6.7,100.0,16.7,76
1991-02-19,2,19,7.4,128.4,15.8,65
1991-02-20,2,20,5.9,135.7,16.0,58
1991-02-21,2,21,5.5,121.2,17.0,99
1991-02-22,2,22,6.1,85.2,17.6,57
1991-02-23,2,23,7.2,48.4,16.9,86
1991-02-24,2,24,5.6,81.6,15.2,61
1991-02-25,2,25,7.2,72.8,15.2,71
1991-02-26,2,26,6.9,164.9,17.0,63
1991-02-27,2,27,6.9,137.1,17.0,58
1991-02-28,2,28,7.7,82.4,17.3,62
1991-03-01,3,1,6.3,38.8,18.9,60
1991-03-02,3,2,7.7,30.4,18.8,76
1991-03-03,3,3,6.4,26.7,18.1,90
1991-03-04,3,4,6.4,33.6,18.3,69
1991-03-05,3,5,7.9,24.0,18.1,89
1991-03-06,3,6,6.2,12.3,18.0,75
1991-03-07,3,7,6.8,12.3,18.0,99
1991-03-08,3,8,8.0,129.2,21.0,69
1991-03-09,3,9,8.3,105.6,19.0,65
1991-03-10,3,10,7.8,116.8,19.0,64
1991-03-11,3,11,6.9,85.3,19.0,59
1991-03-12,3,12,7.5,56.0,19.0,61
1991-03-13,3,13,8.4,61.9,20.1,62
1991-03-14,3,14,8.1,50.7,18.0,77
1991-03-15,3,15,6.6,40.5,16.9,64
1991-03-16,3,16,7.1,48.5,15.2,53
1991-03-17,3,17,6.6,92.8,15.8,59
1991-03-18,3,18,7.7,97.1,16.9,55
1991-03-19,3,19,10.3,32.0,18.9,97
1991-03-20,3,20,7.5,56.0,18.1,65
1991-03-21,3,21,11.4,91.7,19.0,74
1991-03-22,3,22,9.5,38.9,17.8,88
1991-03-23,3,23,7.8,33.1,17.1,75
1991-03-24,3,24,7.4,34.7,18.0,78
1991-03-25,3,25,8.9,140.8,18.6,77
1991-03-26,3,26,9.5,27.7,16.0,92
1991-03-27,3,27,10.1,18.8,14.2,94
1991-03-28,3,28,12.5,24.0,14.0,96
1991-03-29,3,29,6.2,33.1,14.8,83
1991-03-30,3,30,7.9,28.8,16.3,91
1991-03-31,3,31,7.6,18.7,17.0,81
1991-04-01,4,1,9.1,27.2,17.8,56
1991-04-02,4,2,7.0,42.7,16.4,69
1991-04-03,4,3,7.2,62.4,16.0,62
1991-04-04,4,4,7.8,68.3,16.0,64
1991-04-05,4,5,9.1,16.5,14.8,80
1991-04-06,4,6,9.7,122.1,12.3,57
1991-04-07,4,7,6.3,104.0,14.9,66
1991-04-08,4,8,10.8,35.2,17.6,65
1991-04-09,4,9,12.0,150.3,17.9,70
1991-04-10,4,10,8.9,48.8,16.6,60
1991-04-11,4,11,7.6,38.4,18.9,52
1991-04-12,4,12,9.4,59.7,19.0,56
1991-04-13,4,13,11.9,39.6,19.8,82
1991-04-14,4,14,10.3,63.5,19.1,57
1991-04-15,4,15,8.3,92.0,18.4,60
1991-04-16,4,16,7.8,29.9,18.5,69
1991-04-17,4,17,11.6,20.3,18.0,59
1991-04-18,4,18,6.9,19.7,19.0,64
1991-04-19,4,19,7.8,13.3,16.1,83
1991-04-20,4,20,6.9,34.7,13.1,70
1991-04-21,4,21,4.7,40.0,13.8,62
1991-04-22,4,22,7.9,150.2,14.8,58
1991-04-23,4,23,7.4,120.7,13.2,60
1991-04-24,4,24,8.5,28.8,14.9,50
1991-04-25,4,25,8.5,9.1,15.5,97
1991-04-26,4,26,9.0,2.7,15.9,82
1991-04-27,4,27,8.9,11.2,14.1,75
1991-04-28,4,28,10.3,33.1,14.5,58
1991-04-29,4,29,6.1,34.4,14.0,64
1991-04-30,4,30,7.0,53.6,15.1,73
